,Library,Plate,Well,Rate,Type,Column,Row
0,lib3,P1,A01,0.034054527,Variant,1,A
1,lib3,P1,A02,0.355438355,Variant,2,A
2,lib3,P1,A03,0.021718308,Variant,3,A
3,lib3,P1,A04,-0.008276574,Variant,4,A
4,lib3,P1,A05,-0.015386602,Variant,5,A
5,lib3,P1,A06,0.043722438,Variant,6,A
6,lib3,P1,A07,0.028958246,Variant,7,A
7,lib3,P1,A08,-0.00199985,Variant,8,A
8,lib3,P1,A09,0.075157562,Variant,9,A
9,lib3,P1,A10,0.166371635,Parent,10,A
10,lib3,P1,A11,0.278862381,Variant,11,A
11,lib3,P1,A12,0.046813865,Variant,12,A
12,lib3,P1,B01,0.48510072,Variant,1,B
13,lib3,P1,B02,0.014337228,Variant,2,B
14,lib3,P1,B03,0.146262166,Variant,3,B
15,lib3,P1,B04,0.014813459,Variant,4,B
16,lib3,P1,B05,0.176627763,Variant,5,B
17,lib3,P1,B06,0.302286166,Variant,6,B
18,lib3,P1,B07,0.060063802,Variant,7,B
19,lib3,P1,B08,0.106215383,Variant,8,B
20,lib3,P1,B09,0.435867035,Variant,9,B
21,lib3,P1,B10,0.173576786,Parent,10,B
22,lib3,P1,B11,0.047382722,Variant,11,B
23,lib3,P1,B12,0.414035715,Variant,12,B
24,lib3,P1,C01,0.131178984,Variant,1,C
25,lib3,P1,C02,0.031123089,Variant,2,C
26,lib3,P1,C03,0.043199922,Variant,3,C
27,lib3,P1,C04,0.085730334,Variant,4,C
28,lib3,P1,C05,-0.008250617,Variant,5,C
29,lib3,P1,C06,0.288310553,Variant,6,C
30,lib3,P1,C07,0.150222996,Variant,7,C
31,lib3,P1,C08,0.000306243,Variant,8,C
32,lib3,P1,C09,0.255619035,Variant,9,C
33,lib3,P1,C10,0.186758118,Parent,10,C
34,lib3,P1,C11,0.01415183,Variant,11,C
35,lib3,P1,C12,0.157052997,Variant,12,C
36,lib3,P1,D01,0.472949135,Variant,1,D
37,lib3,P1,D02,0.130935102,Variant,2,D
38,lib3,P1,D03,0.116716811,Variant,3,D
39,lib3,P1,D04,0.01813607,Variant,4,D
40,lib3,P1,D05,0.009730246,Variant,5,D
41,lib3,P1,D06,0.230327078,Variant,6,D
42,lib3,P1,D07,0.138553225,Variant,7,D
43,lib3,P1,D08,0.195403744,Variant,8,D
44,lib3,P1,D09,-0.002342238,Variant,9,D
45,lib3,P1,D10,0.188772908,Parent,10,D
46,lib3,P1,D11,0.177782402,Variant,11,D
47,lib3,P1,D12,0.360798559,Variant,12,D
48,lib3,P1,E01,0.238526539,Variant,1,E
49,lib3,P1,E02,0.007586996,Variant,2,E
50,lib3,P1,E03,0.201725971,Variant,3,E
51,lib3,P1,E04,0.016822353,Variant,4,E
52,lib3,P1,E05,0.037803765,Variant,5,E
53,lib3,P1,E06,0.240226793,Variant,6,E
54,lib3,P1,E07,0.265686187,Variant,7,E
55,lib3,P1,E08,0.024617143,Variant,8,E
56,lib3,P1,E09,0.150765442,Variant,9,E
57,lib3,P1,E10,0.008715521,Sterile,10,E
58,lib3,P1,E11,0.012506161,Variant,11,E
59,lib3,P1,E12,0.253115305,Variant,12,E
60,lib3,P1,F01,0.002242455,Variant,1,F
61,lib3,P1,F02,0.081854079,Variant,2,F
62,lib3,P1,F03,0.082627851,Variant,3,F
63,lib3,P1,F04,-0.008907498,Variant,4,F
64,lib3,P1,F05,0.001592314,Variant,5,F
65,lib3,P1,F06,0.021798196,Variant,6,F
66,lib3,P1,F07,0.137437779,Variant,7,F
67,lib3,P1,F08,0.032035843,Variant,8,F
68,lib3,P1,F09,0.051181612,Variant,9,F
69,lib3,P1,F10,-0.015644105,Sterile,10,F
70,lib3,P1,F11,0.004226861,Variant,11,F
71,lib3,P1,F12,0.174267274,Variant,12,F
72,lib3,P1,G01,0.109655948,Variant,1,G
73,lib3,P1,G02,0.038354321,Variant,2,G
74,lib3,P1,G03,0.029289223,Variant,3,G
75,lib3,P1,G04,0.137735435,Variant,4,G
76,lib3,P1,G05,0.148544407,Variant,5,G
77,lib3,P1,G06,0.040541266,Variant,6,G
78,lib3,P1,G07,0.045312835,Variant,7,G
79,lib3,P1,G08,0.010532867,Variant,8,G
80,lib3,P1,G09,-0.004772576,Variant,9,G
81,lib3,P1,G10,-0.004306962,Negative,10,G
82,lib3,P1,G11,0.053418921,Variant,11,G
83,lib3,P1,G12,0.258480724,Variant,12,G
84,lib3,P1,H01,0.00035818,Variant,1,H
85,lib3,P1,H02,0.005184102,Variant,2,H
86,lib3,P1,H03,0.652505473,Variant,3,H
87,lib3,P1,H04,0.1184113,Variant,4,H
88,lib3,P1,H05,0.056241018,Variant,5,H
89,lib3,P1,H06,0.200896748,Variant,6,H
90,lib3,P1,H07,0.053226558,Variant,7,H
91,lib3,P1,H08,0.291065949,Variant,8,H
92,lib3,P1,H09,0.160321215,Variant,9,H
93,lib3,P1,H10,-0.010029121,Negative,10,H
94,lib3,P1,H11,0.038552672,Variant,11,H
95,lib3,P1,H12,0.375388055,Variant,12,H
96,lib3,P2,A01,0.034091992,Variant,1,A
97,lib3,P2,A02,0.085398591,Variant,2,A
98,lib3,P2,A03,0.084554919,Variant,3,A
99,lib3,P2,A04,0.108020634,Variant,4,A
100,lib3,P2,A05,0.370464324,Variant,5,A
101,lib3,P2,A06,-0.003590978,Variant,6,A
102,lib3,P2,A07,0.05340096,Variant,7,A
103,lib3,P2,A08,0.186996448,Variant,8,A
104,lib3,P2,A09,0.073281687,Variant,9,A
105,lib3,P2,A10,0.226688603,Parent,10,A
106,lib3,P2,A11,0.017764851,Variant,11,A
107,lib3,P2,A12,0.018349576,Variant,12,A
108,lib3,P2,B01,0.125012493,Variant,1,B
109,lib3,P2,B02,0.183463862,Variant,2,B
110,lib3,P2,B03,-0.003214151,Variant,3,B
111,lib3,P2,B04,0.020708958,Variant,4,B
112,lib3,P2,B05,0.199291965,Variant,5,B
113,lib3,P2,B06,0.057607691,Variant,6,B
114,lib3,P2,B07,0.074652471,Variant,7,B
115,lib3,P2,B08,0.416704426,Variant,8,B
116,lib3,P2,B09,0.055459511,Variant,9,B
117,lib3,P2,B10,0.200278041,Parent,10,B
118,lib3,P2,B11,-0.001378001,Variant,11,B
119,lib3,P2,B12,0.007115003,Variant,12,B
120,lib3,P2,C01,-0.003094313,Variant,1,C
121,lib3,P2,C02,0.036887716,Variant,2,C
122,lib3,P2,C03,0.167085507,Variant,3,C
123,lib3,P2,C04,0.203139319,Variant,4,C
124,lib3,P2,C05,0.012401162,Variant,5,C
125,lib3,P2,C06,0.374400337,Variant,6,C
126,lib3,P2,C07,0.137131257,Variant,7,C
127,lib3,P2,C08,0.003786592,Variant,8,C
128,lib3,P2,C09,-0.012527386,Variant,9,C
129,lib3,P2,C10,0.179059786,Parent,10,C
130,lib3,P2,C11,0.058711916,Variant,11,C
131,lib3,P2,C12,0.000726115,Variant,12,C
132,lib3,P2,D01,-0.008578596,Variant,1,D
133,lib3,P2,D02,0.207680695,Variant,2,D
134,lib3,P2,D03,0.324616564,Variant,3,D
135,lib3,P2,D04,0.315817596,Variant,4,D
136,lib3,P2,D05,0.512260077,Variant,5,D
137,lib3,P2,D06,0.068488109,Variant,6,D
138,lib3,P2,D07,0.346752787,Variant,7,D
139,lib3,P2,D08,0.02256022,Variant,8,D
140,lib3,P2,D09,0.012484065,Variant,9,D
141,lib3,P2,D10,0.188197222,Parent,10,D
142,lib3,P2,D11,0.017033655,Variant,11,D
143,lib3,P2,D12,0.047372831,Variant,12,D
144,lib3,P2,E01,0.192959826,Variant,1,E
145,lib3,P2,E02,-0.031088947,Variant,2,E
146,lib3,P2,E03,-0.01222925,Variant,3,E
147,lib3,P2,E04,0.289083814,Variant,4,E
148,lib3,P2,E05,-0.00971878,Variant,5,E
149,lib3,P2,E06,-0.00040948,Variant,6,E
150,lib3,P2,E07,0.301272997,Variant,7,E
151,lib3,P2,E08,0.041520959,Variant,8,E
152,lib3,P2,E09,0.085958914,Variant,9,E
153,lib3,P2,E10,-0.004820208,Sterile,10,E
154,lib3,P2,E11,0.107293834,Variant,11,E
155,lib3,P2,E12,0.153723848,Variant,12,E
156,lib3,P2,F01,0.440496561,Variant,1,F
157,lib3,P2,F02,0.060940137,Variant,2,F
158,lib3,P2,F03,0.129725956,Variant,3,F
159,lib3,P2,F04,0.33861775,Variant,4,F
160,lib3,P2,F05,-0.008490067,Variant,5,F
161,lib3,P2,F06,0.068250822,Variant,6,F
162,lib3,P2,F07,0.05850355,Variant,7,F
163,lib3,P2,F08,0.009433072,Variant,8,F
164,lib3,P2,F09,0.004894345,Variant,9,F
165,lib3,P2,F10,-0.00878151,Sterile,10,F
166,lib3,P2,F11,0.17310683,Variant,11,F
167,lib3,P2,F12,0.004158854,Variant,12,F
168,lib3,P2,G01,0.178020598,Variant,1,G
169,lib3,P2,G02,0.382293981,Variant,2,G
170,lib3,P2,G03,0.002065811,Variant,3,G
171,lib3,P2,G04,0.608627784,Variant,4,G
172,lib3,P2,G05,0.099353545,Variant,5,G
173,lib3,P2,G06,-0.002860833,Variant,6,G
174,lib3,P2,G07,0.111105558,Variant,7,G
175,lib3,P2,G08,0.329390319,Variant,8,G
176,lib3,P2,G09,0.127307176,Variant,9,G
177,lib3,P2,G10,0.001551131,Negative,10,G
178,lib3,P2,G11,0.142278752,Variant,11,G
179,lib3,P2,G12,0.382222314,Variant,12,G
180,lib3,P2,H01,0.317232705,Variant,1,H
181,lib3,P2,H02,-0.020392743,Variant,2,H
182,lib3,P2,H03,0.15912591,Variant,3,H
183,lib3,P2,H04,0.303804786,Variant,4,H
184,lib3,P2,H05,0.402578428,Variant,5,H
185,lib3,P2,H06,-0.02196305,Variant,6,H
186,lib3,P2,H07,-0.015861397,Variant,7,H
187,lib3,P2,H08,0.037902644,Variant,8,H
188,lib3,P2,H09,0.103521403,Variant,9,H
189,lib3,P2,H10,0.000582388,Negative,10,H
190,lib3,P2,H11,0.189781178,Variant,11,H
191,lib3,P2,H12,0.028355964,Variant,12,H
192,lib3,P4,A01,0.274736378,Variant,1,A
193,lib3,P4,A02,0.007966562,Variant,2,A
194,lib3,P4,A03,0.330964048,Variant,3,A
195,lib3,P4,A04,0.261506488,Variant,4,A
196,lib3,P4,A05,0.377691622,Variant,5,A
197,lib3,P4,A06,-0.015297154,Variant,6,A
198,lib3,P4,A07,0.333557993,Variant,7,A
199,lib3,P4,A08,0.026399775,Variant,8,A
200,lib3,P4,A09,-0.001681191,Variant,9,A
201,lib3,P4,A10,0.255852082,Parent,10,A
202,lib3,P4,A11,0.150284865,Variant,11,A
203,lib3,P4,A12,0.12682234,Variant,12,A
204,lib3,P4,B01,0.022449364,Variant,1,B
205,lib3,P4,B02,0.349782214,Variant,2,B
206,lib3,P4,B03,0.282786111,Variant,3,B
207,lib3,P4,B04,0.000984582,Variant,4,B
208,lib3,P4,B05,0.145891943,Variant,5,B
209,lib3,P4,B06,0.099445346,Variant,6,B
210,lib3,P4,B07,0.004432275,Variant,7,B
211,lib3,P4,B08,0.012801861,Variant,8,B
212,lib3,P4,B09,0.006083327,Variant,9,B
213,lib3,P4,B10,0.252448254,Parent,10,B
214,lib3,P4,B11,0.130870451,Variant,11,B
215,lib3,P4,B12,-0.000359173,Variant,12,B
216,lib3,P4,C01,0.448079314,Variant,1,C
217,lib3,P4,C02,0.040637294,Variant,2,C
218,lib3,P4,C03,0.252280453,Variant,3,C
219,lib3,P4,C04,0.604630028,Variant,4,C
220,lib3,P4,C05,0.018840435,Variant,5,C
221,lib3,P4,C06,-0.004026427,Variant,6,C
222,lib3,P4,C07,0.340563327,Variant,7,C
223,lib3,P4,C08,0.425287737,Variant,8,C
224,lib3,P4,C09,0.037748766,Variant,9,C
225,lib3,P4,C10,0.21308328,Parent,10,C
226,lib3,P4,C11,0.001884393,Variant,11,C
227,lib3,P4,C12,0.524185555,Variant,12,C
228,lib3,P4,D01,0.220710872,Variant,1,D
229,lib3,P4,D02,0.532994428,Variant,2,D
230,lib3,P4,D03,-0.018185619,Variant,3,D
231,lib3,P4,D04,0.048828158,Variant,4,D
232,lib3,P4,D05,0.054303884,Variant,5,D
233,lib3,P4,D06,0.11669825,Variant,6,D
234,lib3,P4,D07,0.17840276,Variant,7,D
235,lib3,P4,D08,0.006119087,Variant,8,D
236,lib3,P4,D09,0.083485746,Variant,9,D
237,lib3,P4,D10,0.254318308,Parent,10,D
238,lib3,P4,D11,0.011396902,Variant,11,D
239,lib3,P4,D12,0.025143279,Variant,12,D
240,lib3,P4,E01,0.01103481,Variant,1,E
241,lib3,P4,E02,0.140384583,Variant,2,E
242,lib3,P4,E03,0.033576636,Variant,3,E
243,lib3,P4,E04,0.092988217,Variant,4,E
244,lib3,P4,E05,0.087352633,Variant,5,E
245,lib3,P4,E06,-0.013155574,Variant,6,E
246,lib3,P4,E07,0.061239877,Variant,7,E
247,lib3,P4,E08,-0.010256128,Variant,8,E
248,lib3,P4,E09,0.471472333,Variant,9,E
249,lib3,P4,E10,-0.008455359,Sterile,10,E
250,lib3,P4,E11,0.154048895,Variant,11,E
251,lib3,P4,E12,0.177126696,Variant,12,E
252,lib3,P4,F01,0.238505371,Variant,1,F
253,lib3,P4,F02,-0.008805739,Variant,2,F
254,lib3,P4,F03,0.012159017,Variant,3,F
255,lib3,P4,F04,-0.008017759,Variant,4,F
256,lib3,P4,F05,0.137853605,Variant,5,F
257,lib3,P4,F06,-0.006258265,Variant,6,F
258,lib3,P4,F07,0.012883003,Variant,7,F
259,lib3,P4,F08,0.056478354,Variant,8,F
260,lib3,P4,F09,-0.01809702,Variant,9,F
261,lib3,P4,F10,-0.008637163,Sterile,10,F
262,lib3,P4,F11,0.645025984,Variant,11,F
263,lib3,P4,F12,0.008399065,Variant,12,F
264,lib3,P4,G01,0.003457724,Variant,1,G
265,lib3,P4,G02,0.382128103,Variant,2,G
266,lib3,P4,G03,0.068215608,Variant,3,G
267,lib3,P4,G04,0.01515054,Variant,4,G
268,lib3,P4,G05,0.119664505,Variant,5,G
269,lib3,P4,G06,0.324907127,Variant,6,G
270,lib3,P4,G07,0.389633911,Variant,7,G
271,lib3,P4,G08,0.330842104,Variant,8,G
272,lib3,P4,G09,0.14485229,Variant,9,G
273,lib3,P4,G10,0.002265231,Negative,10,G
274,lib3,P4,G11,0.014165225,Variant,11,G
275,lib3,P4,G12,0.331718257,Variant,12,G
276,lib3,P4,H01,-0.01889148,Variant,1,H
277,lib3,P4,H02,0.100431674,Variant,2,H
278,lib3,P4,H03,0.024156576,Variant,3,H
279,lib3,P4,H04,0.060315399,Variant,4,H
280,lib3,P4,H05,0.026443891,Variant,5,H
281,lib3,P4,H06,0.002845756,Variant,6,H
282,lib3,P4,H07,0.297552586,Variant,7,H
283,lib3,P4,H08,0.257179129,Variant,8,H
284,lib3,P4,H09,0.516416427,Variant,9,H
285,lib3,P4,H10,-0.000327991,Negative,10,H
286,lib3,P4,H11,0.233840021,Variant,11,H
287,lib3,P4,H12,0.051714656,Variant,12,H
288,lib3,P5,A01,0.289290373,Variant,1,A
289,lib3,P5,A02,0.026224569,Variant,2,A
290,lib3,P5,A03,0.385132664,Variant,3,A
291,lib3,P5,A04,0.17977388,Variant,4,A
292,lib3,P5,A05,0.524859585,Variant,5,A
293,lib3,P5,A06,-0.017563231,Variant,6,A
294,lib3,P5,A07,0.777657542,Variant,7,A
295,lib3,P5,A08,0.023378803,Variant,8,A
296,lib3,P5,A09,1.01335469,Variant,9,A
297,lib3,P5,A10,0.247941808,Parent,10,A
298,lib3,P5,A11,0.341854116,Variant,11,A
299,lib3,P5,A12,-0.009305828,Variant,12,A
300,lib3,P5,B01,0.029844886,Variant,1,B
301,lib3,P5,B02,0.201764799,Variant,2,B
302,lib3,P5,B03,-0.003039843,Variant,3,B
303,lib3,P5,B04,0.013777606,Variant,4,B
304,lib3,P5,B05,0.464318515,Variant,5,B
305,lib3,P5,B06,0.152220545,Variant,6,B
306,lib3,P5,B07,-0.001849585,Variant,7,B
307,lib3,P5,B08,-0.002126183,Variant,8,B
308,lib3,P5,B09,0.007116624,Variant,9,B
309,lib3,P5,B10,0.275543049,Parent,10,B
310,lib3,P5,B11,0.215185487,Variant,11,B
311,lib3,P5,B12,0.509671524,Variant,12,B
312,lib3,P5,C01,0.418405757,Variant,1,C
313,lib3,P5,C02,0.000592464,Variant,2,C
314,lib3,P5,C03,0.172297652,Variant,3,C
315,lib3,P5,C04,0.370905728,Variant,4,C
316,lib3,P5,C05,-0.022951828,Variant,5,C
317,lib3,P5,C06,-0.025461453,Variant,6,C
318,lib3,P5,C07,0.341689734,Variant,7,C
319,lib3,P5,C08,0.144726404,Variant,8,C
320,lib3,P5,C09,0.512500043,Variant,9,C
321,lib3,P5,C10,0.283952306,Parent,10,C
322,lib3,P5,C11,-0.010773744,Variant,11,C
323,lib3,P5,C12,0.22626102,Variant,12,C
324,lib3,P5,D01,0.015095525,Variant,1,D
325,lib3,P5,D02,0.002324143,Variant,2,D
326,lib3,P5,D03,0.001824927,Variant,3,D
327,lib3,P5,D04,-0.008511359,Variant,4,D
328,lib3,P5,D05,0.363161536,Variant,5,D
329,lib3,P5,D06,0.654463523,Variant,6,D
330,lib3,P5,D07,0.422834263,Variant,7,D
331,lib3,P5,D08,0.279769629,Variant,8,D
332,lib3,P5,D09,0.030117923,Variant,9,D
333,lib3,P5,D10,0.393237023,Parent,10,D
334,lib3,P5,D11,0.006847299,Variant,11,D
335,lib3,P5,D12,0.787710831,Variant,12,D
336,lib3,P5,E01,0.17509958,Variant,1,E
337,lib3,P5,E02,0.240417902,Variant,2,E
338,lib3,P5,E03,0.089006346,Variant,3,E
339,lib3,P5,E04,0.019133615,Variant,4,E
340,lib3,P5,E05,0.001368824,Variant,5,E
341,lib3,P5,E06,-0.007471074,Variant,6,E
342,lib3,P5,E07,0.475393931,Variant,7,E
343,lib3,P5,E08,0.063157004,Variant,8,E
344,lib3,P5,E09,-0.008838744,Variant,9,E
345,lib3,P5,E10,-0.027349679,Sterile,10,E
346,lib3,P5,E11,-0.004243547,Variant,11,E
347,lib3,P5,E12,0.026385104,Variant,12,E
348,lib3,P5,F01,0.038016857,Variant,1,F
349,lib3,P5,F02,0.578572199,Variant,2,F
350,lib3,P5,F03,0.600972571,Variant,3,F
351,lib3,P5,F04,0.030739508,Variant,4,F
352,lib3,P5,F05,0.052548197,Variant,5,F
353,lib3,P5,F06,0.294523028,Variant,6,F
354,lib3,P5,F07,0.23480529,Variant,7,F
355,lib3,P5,F08,-0.011631773,Variant,8,F
356,lib3,P5,F09,0.057680815,Variant,9,F
357,lib3,P5,F10,-0.009878137,Sterile,10,F
358,lib3,P5,F11,0.152589265,Variant,11,F
359,lib3,P5,F12,0.079747947,Variant,12,F
360,lib3,P5,G01,0.048542927,Variant,1,G
361,lib3,P5,G02,0.000532415,Variant,2,G
362,lib3,P5,G03,-0.00833725,Variant,3,G
363,lib3,P5,G04,-0.022563101,Variant,4,G
364,lib3,P5,G05,-0.006290682,Variant,5,G
365,lib3,P5,G06,-0.012701155,Variant,6,G
366,lib3,P5,G07,0.340151155,Variant,7,G
367,lib3,P5,G08,-0.017221722,Variant,8,G
368,lib3,P5,G09,0.266992026,Variant,9,G
369,lib3,P5,G10,2.71E-05,Negative,10,G
370,lib3,P5,G11,0.015298321,Variant,11,G
371,lib3,P5,G12,-0.012078604,Variant,12,G
372,lib3,P5,H01,0.288130993,Variant,1,H
373,lib3,P5,H02,0.010207168,Variant,2,H
374,lib3,P5,H03,0.085610992,Variant,3,H
375,lib3,P5,H04,0.026582401,Variant,4,H
376,lib3,P5,H05,0.211803852,Variant,5,H
377,lib3,P5,H06,0.100151877,Variant,6,H
378,lib3,P5,H07,0.064361404,Variant,7,H
379,lib3,P5,H08,0.524434341,Variant,8,H
380,lib3,P5,H09,0.175499439,Variant,9,H
381,lib3,P5,H10,0.005378867,Negative,10,H
382,lib3,P5,H11,0.031980272,Variant,11,H
383,lib3,P5,H12,0.007082626,Variant,12,H
384,lib3,P3,A01,0.018362119,Variant,1,A
385,lib3,P3,A02,0.023843077,Variant,2,A
386,lib3,P3,A03,0.095854488,Variant,3,A
387,lib3,P3,A04,0.210271748,Variant,4,A
388,lib3,P3,A05,0.006605717,Variant,5,A
389,lib3,P3,A06,0.032029421,Variant,6,A
390,lib3,P3,A07,0.165051725,Variant,7,A
391,lib3,P3,A08,0.678394286,Variant,8,A
392,lib3,P3,A09,0.013466241,Variant,9,A
393,lib3,P3,A10,0.285443019,Parent,10,A
394,lib3,P3,A11,0.005528246,Variant,11,A
395,lib3,P3,A12,0.811879919,Variant,12,A
396,lib3,P3,B01,-0.004427903,Variant,1,B
397,lib3,P3,B02,0.196413303,Variant,2,B
398,lib3,P3,B03,0.13156162,Variant,3,B
399,lib3,P3,B04,0.202100229,Variant,4,B
400,lib3,P3,B05,0.024831404,Variant,5,B
401,lib3,P3,B06,0.35736667,Variant,6,B
402,lib3,P3,B07,0.072500725,Variant,7,B
403,lib3,P3,B08,0.12106003,Variant,8,B
404,lib3,P3,B09,0.829436684,Variant,9,B
405,lib3,P3,B10,0.222181525,Parent,10,B
406,lib3,P3,B11,0.231101572,Variant,11,B
407,lib3,P3,B12,0.32416625,Variant,12,B
408,lib3,P3,C01,0.194067818,Variant,1,C
409,lib3,P3,C02,0.193012336,Variant,2,C
410,lib3,P3,C03,0.011173229,Variant,3,C
411,lib3,P3,C04,0.001831132,Variant,4,C
412,lib3,P3,C05,0.013462502,Variant,5,C
413,lib3,P3,C06,0.013376368,Variant,6,C
414,lib3,P3,C07,0.268836622,Variant,7,C
415,lib3,P3,C08,0.364525057,Variant,8,C
416,lib3,P3,C09,0.150996751,Variant,9,C
417,lib3,P3,C10,0.216256842,Parent,10,C
418,lib3,P3,C11,0.121960158,Variant,11,C
419,lib3,P3,C12,0.033910755,Variant,12,C
420,lib3,P3,D01,0.170056194,Variant,1,D
421,lib3,P3,D02,0.202210104,Variant,2,D
422,lib3,P3,D03,-0.004058726,Variant,3,D
423,lib3,P3,D04,0.038440364,Variant,4,D
424,lib3,P3,D05,0.004517318,Variant,5,D
425,lib3,P3,D06,0.278618622,Variant,6,D
426,lib3,P3,D07,0.171560483,Variant,7,D
427,lib3,P3,D08,0.225010012,Variant,8,D
428,lib3,P3,D09,-0.00059993,Variant,9,D
429,lib3,P3,D10,0.213919092,Parent,10,D
430,lib3,P3,D11,0.62811829,Variant,11,D
431,lib3,P3,D12,0.05174981,Variant,12,D
432,lib3,P3,E01,0.230782573,Variant,1,E
433,lib3,P3,E02,0.005645264,Variant,2,E
434,lib3,P3,E03,-2.62E-05,Variant,3,E
435,lib3,P3,E04,0.090125847,Variant,4,E
436,lib3,P3,E05,-0.002022292,Variant,5,E
437,lib3,P3,E06,0.087272787,Variant,6,E
438,lib3,P3,E07,0.019031252,Variant,7,E
439,lib3,P3,E08,0.144475196,Variant,8,E
440,lib3,P3,E09,0.536991426,Variant,9,E
441,lib3,P3,E10,0.097000156,Sterile,10,E
442,lib3,P3,E11,0.013644117,Variant,11,E
443,lib3,P3,E12,0.504876411,Variant,12,E
444,lib3,P3,F01,0.066408496,Variant,1,F
445,lib3,P3,F02,0.006833011,Variant,2,F
446,lib3,P3,F03,0.014386881,Variant,3,F
447,lib3,P3,F04,0.021946824,Variant,4,F
448,lib3,P3,F05,0.012667346,Variant,5,F
449,lib3,P3,F06,0.121404082,Variant,6,F
450,lib3,P3,F07,0.047054873,Variant,7,F
451,lib3,P3,F08,0.056697909,Variant,8,F
452,lib3,P3,F09,0.248997846,Variant,9,F
453,lib3,P3,F10,0.095997959,Sterile,10,F
454,lib3,P3,F11,0.289167989,Variant,11,F
455,lib3,P3,F12,0.459505787,Variant,12,F
456,lib3,P3,G01,0.570637948,Variant,1,G
457,lib3,P3,G02,0.004615088,Variant,2,G
458,lib3,P3,G03,0.020037273,Variant,3,G
459,lib3,P3,G04,0.142316498,Variant,4,G
460,lib3,P3,G05,0.011585012,Variant,5,G
461,lib3,P3,G06,0.204681787,Variant,6,G
462,lib3,P3,G07,0.15620478,Variant,7,G
463,lib3,P3,G08,0.015939918,Variant,8,G
464,lib3,P3,G09,0.585185416,Variant,9,G
465,lib3,P3,G10,-0.017064079,Negative,10,G
466,lib3,P3,G11,0.514819025,Variant,11,G
467,lib3,P3,G12,-0.010587294,Variant,12,G
468,lib3,P3,H01,0.028854956,Variant,1,H
469,lib3,P3,H02,0.330804562,Variant,2,H
470,lib3,P3,H03,0.037305953,Variant,3,H
471,lib3,P3,H04,0.018231076,Variant,4,H
472,lib3,P3,H05,0.197765025,Variant,5,H
473,lib3,P3,H06,0.068901117,Variant,6,H
474,lib3,P3,H07,0.009024037,Variant,7,H
475,lib3,P3,H08,0.135662885,Variant,8,H
476,lib3,P3,H09,0.015322098,Variant,9,H
477,lib3,P3,H10,-0.013588018,Negative,10,H
478,lib3,P3,H11,0.027483239,Variant,11,H
479,lib3,P3,H12,0.339814933,Variant,12,H
480,lib2,P1,A01,0.07548443,Variant,1,A
481,lib2,P1,A02,0.031900026,Variant,2,A
482,lib2,P1,A03,0.116329851,Variant,3,A
483,lib2,P1,A04,0.22799456,Variant,4,A
484,lib2,P1,A05,0.173606829,Variant,5,A
485,lib2,P1,A06,0.002404788,Variant,6,A
486,lib2,P1,A07,0.003255281,Variant,7,A
487,lib2,P1,A08,0.382748693,Variant,8,A
488,lib2,P1,A09,0.134642236,Variant,9,A
489,lib2,P1,A10,0.157434557,Parent,10,A
490,lib2,P1,A11,0.243402296,Variant,11,A
491,lib2,P1,A12,0.18435254,Variant,12,A
492,lib2,P1,B01,0.148832507,Variant,1,B
493,lib2,P1,B02,0.270281791,Variant,2,B
494,lib2,P1,B03,0.424927973,Variant,3,B
495,lib2,P1,B04,0.182545646,Variant,4,B
496,lib2,P1,B05,0.039111265,Variant,5,B
497,lib2,P1,B06,0.084518412,Variant,6,B
498,lib2,P1,B07,0.294837806,Variant,7,B
499,lib2,P1,B08,0.340043053,Variant,8,B
500,lib2,P1,B09,0.17310818,Variant,9,B
501,lib2,P1,B10,0.161826352,Parent,10,B
502,lib2,P1,B11,0.022317586,Variant,11,B
503,lib2,P1,B12,0.011294955,Variant,12,B
504,lib2,P1,C01,-0.006870937,Variant,1,C
505,lib2,P1,C02,0.242541514,Variant,2,C
506,lib2,P1,C03,0.096890458,Variant,3,C
507,lib2,P1,C04,-0.001860485,Variant,4,C
508,lib2,P1,C05,0.001234565,Variant,5,C
509,lib2,P1,C06,-0.001336779,Variant,6,C
510,lib2,P1,C07,0.097286266,Variant,7,C
511,lib2,P1,C08,0.009790044,Variant,8,C
512,lib2,P1,C09,0.008418072,Variant,9,C
513,lib2,P1,C10,0.149841551,Parent,10,C
514,lib2,P1,C11,0.023936403,Variant,11,C
515,lib2,P1,C12,0.435514298,Variant,12,C
516,lib2,P1,D01,0.110875255,Variant,1,D
517,lib2,P1,D02,0.201078686,Variant,2,D
518,lib2,P1,D03,0.009187216,Variant,3,D
519,lib2,P1,D04,0.003535618,Variant,4,D
520,lib2,P1,D05,0.057652695,Variant,5,D
521,lib2,P1,D06,0.299238941,Variant,6,D
522,lib2,P1,D07,0.341056295,Variant,7,D
523,lib2,P1,D08,0.006314897,Variant,8,D
524,lib2,P1,D09,-0.012012514,Variant,9,D
525,lib2,P1,D10,0.151175486,Parent,10,D
526,lib2,P1,D11,0.006576906,Variant,11,D
527,lib2,P1,D12,0.041172546,Variant,12,D
528,lib2,P1,E01,0.413510085,Variant,1,E
529,lib2,P1,E02,0.134930625,Variant,2,E
530,lib2,P1,E03,0.268551865,Variant,3,E
531,lib2,P1,E04,0.01311185,Variant,4,E
532,lib2,P1,E05,0.006239584,Variant,5,E
533,lib2,P1,E06,0.024179005,Variant,6,E
534,lib2,P1,E07,0.017288295,Variant,7,E
535,lib2,P1,E08,0.129169935,Variant,8,E
536,lib2,P1,E09,0.133276374,Variant,9,E
537,lib2,P1,E10,-0.021049752,Sterile,10,E
538,lib2,P1,E11,0.423152163,Variant,11,E
539,lib2,P1,E12,0.012643436,Variant,12,E
540,lib2,P1,F01,0.053948325,Variant,1,F
541,lib2,P1,F02,0.084533447,Variant,2,F
542,lib2,P1,F03,-0.000448621,Variant,3,F
543,lib2,P1,F04,0.005550129,Variant,4,F
544,lib2,P1,F05,0.130777084,Variant,5,F
545,lib2,P1,F06,0.642995514,Variant,6,F
546,lib2,P1,F07,-0.02582574,Variant,7,F
547,lib2,P1,F08,0.289371974,Variant,8,F
548,lib2,P1,F09,-0.004884064,Variant,9,F
549,lib2,P1,F10,-0.020919115,Sterile,10,F
550,lib2,P1,F11,0.459153776,Variant,11,F
551,lib2,P1,F12,0.413289084,Variant,12,F
552,lib2,P1,G01,-0.008335283,Variant,1,G
553,lib2,P1,G02,0.271283179,Variant,2,G
554,lib2,P1,G03,0.131194178,Variant,3,G
555,lib2,P1,G04,0.064925386,Variant,4,G
556,lib2,P1,G05,0.258002915,Variant,5,G
557,lib2,P1,G06,0.132621874,Variant,6,G
558,lib2,P1,G07,0.00680719,Variant,7,G
559,lib2,P1,G08,0.161890443,Variant,8,G
560,lib2,P1,G09,0.00094286,Variant,9,G
561,lib2,P1,G10,-0.00554261,Negative,10,G
562,lib2,P1,G11,0.165558656,Variant,11,G
563,lib2,P1,G12,0.031187957,Variant,12,G
564,lib2,P1,H01,0.486724781,Variant,1,H
565,lib2,P1,H02,0.105751588,Variant,2,H
566,lib2,P1,H03,0.258337272,Variant,3,H
567,lib2,P1,H04,0.23257977,Variant,4,H
568,lib2,P1,H05,0.016677383,Variant,5,H
569,lib2,P1,H06,0.619688983,Variant,6,H
570,lib2,P1,H07,0.522960904,Variant,7,H
571,lib2,P1,H08,0.032433728,Variant,8,H
572,lib2,P1,H09,-0.00485882,Variant,9,H
573,lib2,P1,H10,-0.004139332,Negative,10,H
574,lib2,P1,H11,0.008513158,Variant,11,H
575,lib2,P1,H12,-0.010491709,Variant,12,H
576,lib2,P2,A01,0.206282968,Variant,1,A
577,lib2,P2,A02,0.4301527,Variant,2,A
578,lib2,P2,A03,0.394446985,Variant,3,A
579,lib2,P2,A04,-0.00024514,Variant,4,A
580,lib2,P2,A05,0.075567569,Variant,5,A
581,lib2,P2,A06,0.526042155,Variant,6,A
582,lib2,P2,A07,0.039320092,Variant,7,A
583,lib2,P2,A08,-0.003399884,Variant,8,A
584,lib2,P2,A09,0.040319869,Variant,9,A
585,lib2,P2,A10,0.228350443,Parent,10,A
586,lib2,P2,A11,0.136217591,Variant,11,A
587,lib2,P2,A12,-0.002649404,Variant,12,A
588,lib2,P2,B01,-0.005427262,Variant,1,B
589,lib2,P2,B02,0.057747121,Variant,2,B
590,lib2,P2,B03,0.631055676,Variant,3,B
591,lib2,P2,B04,0.487057921,Variant,4,B
592,lib2,P2,B05,0.100035364,Variant,5,B
593,lib2,P2,B06,0.174842313,Variant,6,B
594,lib2,P2,B07,0.002147027,Variant,7,B
595,lib2,P2,B08,-0.002505957,Variant,8,B
596,lib2,P2,B09,0.421324969,Variant,9,B
597,lib2,P2,B10,0.195259294,Parent,10,B
598,lib2,P2,B11,0.063700608,Variant,11,B
599,lib2,P2,B12,0.07222103,Variant,12,B
600,lib2,P2,C01,-0.038815857,Variant,1,C
601,lib2,P2,C02,0.20863028,Variant,2,C
602,lib2,P2,C03,-0.008916297,Variant,3,C
603,lib2,P2,C04,0.549338187,Variant,4,C
604,lib2,P2,C05,0.186170239,Variant,5,C
605,lib2,P2,C06,0.127749699,Variant,6,C
606,lib2,P2,C07,0.515258693,Variant,7,C
607,lib2,P2,C08,0.011128687,Variant,8,C
608,lib2,P2,C09,0.018206267,Variant,9,C
609,lib2,P2,C10,0.203130517,Parent,10,C
610,lib2,P2,C11,0.001375462,Variant,11,C
611,lib2,P2,C12,0.162428101,Variant,12,C
612,lib2,P2,D01,0.12485182,Variant,1,D
613,lib2,P2,D02,0.295565482,Variant,2,D
614,lib2,P2,D03,0.011859411,Variant,3,D
615,lib2,P2,D04,0.413813614,Variant,4,D
616,lib2,P2,D05,0.112920076,Variant,5,D
617,lib2,P2,D06,0.195804894,Variant,6,D
618,lib2,P2,D07,0.22103607,Variant,7,D
619,lib2,P2,D08,0.136782328,Variant,8,D
620,lib2,P2,D09,0.000707989,Variant,9,D
621,lib2,P2,D10,0.205029046,Parent,10,D
622,lib2,P2,D11,0.23212556,Variant,11,D
623,lib2,P2,D12,-0.011322404,Variant,12,D
624,lib2,P2,E01,-0.014550737,Variant,1,E
625,lib2,P2,E02,0.00180284,Variant,2,E
626,lib2,P2,E03,-0.00036783,Variant,3,E
627,lib2,P2,E04,0.097523184,Variant,4,E
628,lib2,P2,E05,0.404995851,Variant,5,E
629,lib2,P2,E06,0.18204296,Variant,6,E
630,lib2,P2,E07,0.275449801,Variant,7,E
631,lib2,P2,E08,0.396410157,Variant,8,E
632,lib2,P2,E09,0.102754788,Variant,9,E
633,lib2,P2,E10,-0.011328448,Sterile,10,E
634,lib2,P2,E11,0.197054133,Variant,11,E
635,lib2,P2,E12,0.339075418,Variant,12,E
636,lib2,P2,F01,-0.01966233,Variant,1,F
637,lib2,P2,F02,0.144506533,Variant,2,F
638,lib2,P2,F03,0.04468583,Variant,3,F
639,lib2,P2,F04,0.464438895,Variant,4,F
640,lib2,P2,F05,-0.006607033,Variant,5,F
641,lib2,P2,F06,0.50967829,Variant,6,F
642,lib2,P2,F07,0.206130491,Variant,7,F
643,lib2,P2,F08,0.000385529,Variant,8,F
644,lib2,P2,F09,-0.012863367,Variant,9,F
645,lib2,P2,F10,-0.020627616,Sterile,10,F
646,lib2,P2,F11,0.430579531,Variant,11,F
647,lib2,P2,F12,0.436225959,Variant,12,F
648,lib2,P2,G01,0.031544715,Variant,1,G
649,lib2,P2,G02,0.016880911,Variant,2,G
650,lib2,P2,G03,0.290419499,Variant,3,G
651,lib2,P2,G04,0.340624379,Variant,4,G
652,lib2,P2,G05,0.039680092,Variant,5,G
653,lib2,P2,G06,0.281133046,Variant,6,G
654,lib2,P2,G07,0.217102197,Variant,7,G
655,lib2,P2,G08,0.00196264,Variant,8,G
656,lib2,P2,G09,0.425352954,Variant,9,G
657,lib2,P2,G10,-0.011721535,Negative,10,G
658,lib2,P2,G11,0.008841725,Variant,11,G
659,lib2,P2,G12,-0.0099551,Variant,12,G
660,lib2,P2,H01,0.237762434,Variant,1,H
661,lib2,P2,H02,0.164610629,Variant,2,H
662,lib2,P2,H03,-0.000502223,Variant,3,H
663,lib2,P2,H04,0.003644838,Variant,4,H
664,lib2,P2,H05,0.008899477,Variant,5,H
665,lib2,P2,H06,0.310663314,Variant,6,H
666,lib2,P2,H07,0.246370881,Variant,7,H
667,lib2,P2,H08,0.109241584,Variant,8,H
668,lib2,P2,H09,-0.014110865,Variant,9,H
669,lib2,P2,H10,-0.03095912,Negative,10,H
670,lib2,P2,H11,0.424420111,Variant,11,H
671,lib2,P2,H12,0.003633329,Variant,12,H
672,lib2,P4,A01,0.374004297,Variant,1,A
673,lib2,P4,A02,0.056977404,Variant,2,A
674,lib2,P4,A03,0.168734529,Variant,3,A
675,lib2,P4,A04,0.071511431,Variant,4,A
676,lib2,P4,A05,0.3785246,Variant,5,A
677,lib2,P4,A06,0.219579905,Variant,6,A
678,lib2,P4,A07,0.307989591,Variant,7,A
679,lib2,P4,A08,0.274562814,Variant,8,A
680,lib2,P4,A09,0.108150192,Variant,9,A
681,lib2,P4,A10,0.251644238,Parent,10,A
682,lib2,P4,A11,-5.55E-05,Variant,11,A
683,lib2,P4,A12,0.381572702,Variant,12,A
684,lib2,P4,B01,0.135545392,Variant,1,B
685,lib2,P4,B02,0.39720187,Variant,2,B
686,lib2,P4,B03,0.01762685,Variant,3,B
687,lib2,P4,B04,0.053964403,Variant,4,B
688,lib2,P4,B05,0.132642609,Variant,5,B
689,lib2,P4,B06,0.029541613,Variant,6,B
690,lib2,P4,B07,0.344474814,Variant,7,B
691,lib2,P4,B08,0.013002726,Variant,8,B
692,lib2,P4,B09,0.414055905,Variant,9,B
693,lib2,P4,B10,0.243932473,Parent,10,B
694,lib2,P4,B11,0.260088904,Variant,11,B
695,lib2,P4,B12,-0.014514184,Variant,12,B
696,lib2,P4,C01,0.458452934,Variant,1,C
697,lib2,P4,C02,0.326348185,Variant,2,C
698,lib2,P4,C03,0.009663618,Variant,3,C
699,lib2,P4,C04,0.066687135,Variant,4,C
700,lib2,P4,C05,0.08564999,Variant,5,C
701,lib2,P4,C06,0.128698453,Variant,6,C
702,lib2,P4,C07,-0.003835676,Variant,7,C
703,lib2,P4,C08,-0.001069529,Variant,8,C
704,lib2,P4,C09,0.026236166,Variant,9,C
705,lib2,P4,C10,0.260502929,Parent,10,C
706,lib2,P4,C11,0.273886648,Variant,11,C
707,lib2,P4,C12,0.271553011,Variant,12,C
708,lib2,P4,D01,0.001316025,Variant,1,D
709,lib2,P4,D02,0.02240142,Variant,2,D
710,lib2,P4,D03,0.330838806,Variant,3,D
711,lib2,P4,D04,0.164511374,Variant,4,D
712,lib2,P4,D05,0.517014282,Variant,5,D
713,lib2,P4,D06,0.053647655,Variant,6,D
714,lib2,P4,D07,-7.96E-05,Variant,7,D
715,lib2,P4,D08,-0.002057536,Variant,8,D
716,lib2,P4,D09,0.022782768,Variant,9,D
717,lib2,P4,D10,0.259641945,Parent,10,D
718,lib2,P4,D11,0.354428253,Variant,11,D
719,lib2,P4,D12,-0.019962566,Variant,12,D
720,lib2,P4,E01,0.010795647,Variant,1,E
721,lib2,P4,E02,0.293107585,Variant,2,E
722,lib2,P4,E03,-0.007816076,Variant,3,E
723,lib2,P4,E04,0.324924548,Variant,4,E
724,lib2,P4,E05,-0.001340838,Variant,5,E
725,lib2,P4,E06,0.000408173,Variant,6,E
726,lib2,P4,E07,0.510236473,Variant,7,E
727,lib2,P4,E08,0.101444366,Variant,8,E
728,lib2,P4,E09,0.345222042,Variant,9,E
729,lib2,P4,E10,-0.011589959,Sterile,10,E
730,lib2,P4,E11,0.422372322,Variant,11,E
731,lib2,P4,E12,0.280884767,Variant,12,E
732,lib2,P4,F01,0.018220943,Variant,1,F
733,lib2,P4,F02,0.191235044,Variant,2,F
734,lib2,P4,F03,0.033231879,Variant,3,F
735,lib2,P4,F04,-0.007220104,Variant,4,F
736,lib2,P4,F05,0.300815806,Variant,5,F
737,lib2,P4,F06,0.120991115,Variant,6,F
738,lib2,P4,F07,0.011795304,Variant,7,F
739,lib2,P4,F08,-0.003341297,Variant,8,F
740,lib2,P4,F09,0.001331845,Variant,9,F
741,lib2,P4,F10,-0.010165171,Sterile,10,F
742,lib2,P4,F11,0.166106082,Variant,11,F
743,lib2,P4,F12,-0.011081218,Variant,12,F
744,lib2,P4,G01,0.022713046,Variant,1,G
745,lib2,P4,G02,0.319142286,Variant,2,G
746,lib2,P4,G03,-0.009986982,Variant,3,G
747,lib2,P4,G04,-0.004806385,Variant,4,G
748,lib2,P4,G05,0.002575586,Variant,5,G
749,lib2,P4,G06,0.016132306,Variant,6,G
750,lib2,P4,G07,0.718462878,Variant,7,G
751,lib2,P4,G08,0.305099878,Variant,8,G
752,lib2,P4,G09,0.323838941,Variant,9,G
753,lib2,P4,G10,-0.012337198,Negative,10,G
754,lib2,P4,G11,-0.013693364,Variant,11,G
755,lib2,P4,G12,-0.026902269,Variant,12,G
756,lib2,P4,H01,0.212923699,Variant,1,H
757,lib2,P4,H02,0.086861314,Variant,2,H
758,lib2,P4,H03,0.275224909,Variant,3,H
759,lib2,P4,H04,0.597187825,Variant,4,H
760,lib2,P4,H05,0.598447693,Variant,5,H
761,lib2,P4,H06,0.560767366,Variant,6,H
762,lib2,P4,H07,0.117915561,Variant,7,H
763,lib2,P4,H08,0.00733839,Variant,8,H
764,lib2,P4,H09,0.512633051,Variant,9,H
765,lib2,P4,H10,-0.028562184,Negative,10,H
766,lib2,P4,H11,0.272272214,Variant,11,H
767,lib2,P4,H12,0.025887167,Variant,12,H
768,lib2,P5,A01,0.16117925,Variant,1,A
769,lib2,P5,A02,0.025233325,Variant,2,A
770,lib2,P5,A03,0.644565557,Variant,3,A
771,lib2,P5,A04,0.002783938,Variant,4,A
772,lib2,P5,A05,6.09E-05,Variant,5,A
773,lib2,P5,A06,-0.004298841,Variant,6,A
774,lib2,P5,A07,0.378529912,Variant,7,A
775,lib2,P5,A08,0.111062527,Variant,8,A
776,lib2,P5,A09,0.008749666,Variant,9,A
777,lib2,P5,A10,0.26219419,Parent,10,A
778,lib2,P5,A11,0.042735963,Variant,11,A
779,lib2,P5,A12,0.426044231,Variant,12,A
780,lib2,P5,B01,0.059722057,Variant,1,B
781,lib2,P5,B02,0.072688664,Variant,2,B
782,lib2,P5,B03,0.008478052,Variant,3,B
783,lib2,P5,B04,0.004086934,Variant,4,B
784,lib2,P5,B05,0.000817793,Variant,5,B
785,lib2,P5,B06,0.026809553,Variant,6,B
786,lib2,P5,B07,0.022525658,Variant,7,B
787,lib2,P5,B08,0.177250374,Variant,8,B
788,lib2,P5,B09,0.19063612,Variant,9,B
789,lib2,P5,B10,0.231421039,Parent,10,B
790,lib2,P5,B11,0.014186813,Variant,11,B
791,lib2,P5,B12,0.481702752,Variant,12,B
792,lib2,P5,C01,0.610052046,Variant,1,C
793,lib2,P5,C02,0.086212773,Variant,2,C
794,lib2,P5,C03,0.516413356,Variant,3,C
795,lib2,P5,C04,0.011808471,Variant,4,C
796,lib2,P5,C05,0.063957258,Variant,5,C
797,lib2,P5,C06,0.004868276,Variant,6,C
798,lib2,P5,C07,0.112873301,Variant,7,C
799,lib2,P5,C08,0.085411922,Variant,8,C
800,lib2,P5,C09,0.45981108,Variant,9,C
801,lib2,P5,C10,0.243530844,Parent,10,C
802,lib2,P5,C11,0.315537008,Variant,11,C
803,lib2,P5,C12,0.060940592,Variant,12,C
804,lib2,P5,D01,0.320028348,Variant,1,D
805,lib2,P5,D02,0.238992248,Variant,2,D
806,lib2,P5,D03,0.176089071,Variant,3,D
807,lib2,P5,D04,0.404058836,Variant,4,D
808,lib2,P5,D05,0.223025957,Variant,5,D
809,lib2,P5,D06,0.010979982,Variant,6,D
810,lib2,P5,D07,0.002783978,Variant,7,D
811,lib2,P5,D08,0.186106711,Variant,8,D
812,lib2,P5,D09,0.26231151,Variant,9,D
813,lib2,P5,D10,0.247967856,Parent,10,D
814,lib2,P5,D11,-0.001503175,Variant,11,D
815,lib2,P5,D12,0.504511392,Variant,12,D
816,lib2,P5,E01,0.10771518,Variant,1,E
817,lib2,P5,E02,0.243350978,Variant,2,E
818,lib2,P5,E03,0.080964396,Variant,3,E
819,lib2,P5,E04,0.467988252,Variant,4,E
820,lib2,P5,E05,0.093860929,Variant,5,E
821,lib2,P5,E06,0.005128463,Variant,6,E
822,lib2,P5,E07,0.002811446,Variant,7,E
823,lib2,P5,E08,0.120501431,Variant,8,E
824,lib2,P5,E09,0.418056463,Variant,9,E
825,lib2,P5,E10,-0.006071083,Sterile,10,E
826,lib2,P5,E11,0.477316831,Variant,11,E
827,lib2,P5,E12,-0.015793196,Variant,12,E
828,lib2,P5,F01,0.378246543,Variant,1,F
829,lib2,P5,F02,0.202835424,Variant,2,F
830,lib2,P5,F03,0.195012897,Variant,3,F
831,lib2,P5,F04,0.254540971,Variant,4,F
832,lib2,P5,F05,0.293999088,Variant,5,F
833,lib2,P5,F06,0.370261139,Variant,6,F
834,lib2,P5,F07,-0.031914986,Variant,7,F
835,lib2,P5,F08,-0.005118488,Variant,8,F
836,lib2,P5,F09,0.039692226,Variant,9,F
837,lib2,P5,F10,-0.016055542,Sterile,10,F
838,lib2,P5,F11,0.305510433,Variant,11,F
839,lib2,P5,F12,-0.014973656,Variant,12,F
840,lib2,P5,G01,0.012956126,Variant,1,G
841,lib2,P5,G02,0.034626363,Variant,2,G
842,lib2,P5,G03,0.564029758,Variant,3,G
843,lib2,P5,G04,0.138070643,Variant,4,G
844,lib2,P5,G05,-0.010262843,Variant,5,G
845,lib2,P5,G06,0.167710642,Variant,6,G
846,lib2,P5,G07,-0.001627088,Variant,7,G
847,lib2,P5,G08,0.018708411,Variant,8,G
848,lib2,P5,G09,0.03779312,Variant,9,G
849,lib2,P5,G10,-0.010216577,Negative,10,G
850,lib2,P5,G11,0.013162032,Variant,11,G
851,lib2,P5,G12,-0.02178392,Variant,12,G
852,lib2,P5,H01,0.142760008,Variant,1,H
853,lib2,P5,H02,0.514741512,Variant,2,H
854,lib2,P5,H03,0.252771082,Variant,3,H
855,lib2,P5,H04,0.210039779,Variant,4,H
856,lib2,P5,H05,0.001900777,Variant,5,H
857,lib2,P5,H06,0.23021491,Variant,6,H
858,lib2,P5,H07,0.007181672,Variant,7,H
859,lib2,P5,H08,0.001325757,Variant,8,H
860,lib2,P5,H09,0.043531233,Variant,9,H
861,lib2,P5,H10,-0.012414781,Negative,10,H
862,lib2,P5,H11,-0.00614065,Variant,11,H
863,lib2,P5,H12,0.005857904,Variant,12,H
864,lib2,P3,A01,0.025304212,Variant,1,A
865,lib2,P3,A02,0.019805858,Variant,2,A
866,lib2,P3,A03,0.29395876,Variant,3,A
867,lib2,P3,A04,-0.005047907,Variant,4,A
868,lib2,P3,A05,0.298161512,Variant,5,A
869,lib2,P3,A06,0.218980466,Variant,6,A
870,lib2,P3,A07,-0.000425631,Variant,7,A
871,lib2,P3,A08,0.055999893,Variant,8,A
872,lib2,P3,A09,0.038106651,Variant,9,A
873,lib2,P3,A10,0.160356266,Parent,10,A
874,lib2,P3,A11,0.070450378,Variant,11,A
875,lib2,P3,A12,0.087008548,Variant,12,A
876,lib2,P3,B01,0.223421095,Variant,1,B
877,lib2,P3,B02,0.023127052,Variant,2,B
878,lib2,P3,B03,0.253834746,Variant,3,B
879,lib2,P3,B04,0.399769947,Variant,4,B
880,lib2,P3,B05,0.258324476,Variant,5,B
881,lib2,P3,B06,-0.005269984,Variant,6,B
882,lib2,P3,B07,0.254289013,Variant,7,B
883,lib2,P3,B08,0.303035673,Variant,8,B
884,lib2,P3,B09,0.256226771,Variant,9,B
885,lib2,P3,B10,0.165834773,Parent,10,B
886,lib2,P3,B11,0.399956034,Variant,11,B
887,lib2,P3,B12,0.047142523,Variant,12,B
888,lib2,P3,C01,-0.021352908,Variant,1,C
889,lib2,P3,C02,-0.00783397,Variant,2,C
890,lib2,P3,C03,0.128923993,Variant,3,C
891,lib2,P3,C04,0.010905144,Variant,4,C
892,lib2,P3,C05,0.011037949,Variant,5,C
893,lib2,P3,C06,0.231051789,Variant,6,C
894,lib2,P3,C07,0.299498071,Variant,7,C
895,lib2,P3,C08,0.179837963,Variant,8,C
896,lib2,P3,C09,0.231020086,Variant,9,C
897,lib2,P3,C10,0.166005492,Parent,10,C
898,lib2,P3,C11,0.004340942,Variant,11,C
899,lib2,P3,C12,0.549818881,Variant,12,C
900,lib2,P3,D01,0.286091012,Variant,1,D
901,lib2,P3,D02,0.008057374,Variant,2,D
902,lib2,P3,D03,0.004449405,Variant,3,D
903,lib2,P3,D04,0.021151866,Variant,4,D
904,lib2,P3,D05,0.324007059,Variant,5,D
905,lib2,P3,D06,0.000439572,Variant,6,D
906,lib2,P3,D07,0.02153074,Variant,7,D
907,lib2,P3,D08,0.020800864,Variant,8,D
908,lib2,P3,D09,-0.006783628,Variant,9,D
909,lib2,P3,D10,0.142085242,Parent,10,D
910,lib2,P3,D11,0.098588438,Variant,11,D
911,lib2,P3,D12,0.010545424,Variant,12,D
912,lib2,P3,E01,0.332547452,Variant,1,E
913,lib2,P3,E02,0.461906058,Variant,2,E
914,lib2,P3,E03,0.008535283,Variant,3,E
915,lib2,P3,E04,0.012624036,Variant,4,E
916,lib2,P3,E05,0.229503061,Variant,5,E
917,lib2,P3,E06,0.000556112,Variant,6,E
918,lib2,P3,E07,0.193132869,Variant,7,E
919,lib2,P3,E08,0.072788773,Variant,8,E
920,lib2,P3,E09,-0.011141781,Variant,9,E
921,lib2,P3,E10,-0.022354515,Sterile,10,E
922,lib2,P3,E11,0.007490487,Variant,11,E
923,lib2,P3,E12,0.1718845,Variant,12,E
924,lib2,P3,F01,0.035011509,Variant,1,F
925,lib2,P3,F02,0.318533758,Variant,2,F
926,lib2,P3,F03,0.084069377,Variant,3,F
927,lib2,P3,F04,0.153763508,Variant,4,F
928,lib2,P3,F05,0.019214861,Variant,5,F
929,lib2,P3,F06,0.210743773,Variant,6,F
930,lib2,P3,F07,0.072297311,Variant,7,F
931,lib2,P3,F08,0.117340993,Variant,8,F
932,lib2,P3,F09,-0.000294769,Variant,9,F
933,lib2,P3,F10,-0.020771432,Sterile,10,F
934,lib2,P3,F11,0.088248396,Variant,11,F
935,lib2,P3,F12,0.14367037,Variant,12,F
936,lib2,P3,G01,-0.031024091,Variant,1,G
937,lib2,P3,G02,0.014246909,Variant,2,G
938,lib2,P3,G03,-0.00743747,Variant,3,G
939,lib2,P3,G04,0.244804161,Variant,4,G
940,lib2,P3,G05,0.166758886,Variant,5,G
941,lib2,P3,G06,0.014986103,Variant,6,G
942,lib2,P3,G07,0.032733147,Variant,7,G
943,lib2,P3,G08,0.256956481,Variant,8,G
944,lib2,P3,G09,0.374034727,Variant,9,G
945,lib2,P3,G10,-0.001404548,Negative,10,G
946,lib2,P3,G11,0.054015104,Variant,11,G
947,lib2,P3,G12,0.002234392,Variant,12,G
948,lib2,P3,H01,0.069307678,Variant,1,H
949,lib2,P3,H02,0.376117367,Variant,2,H
950,lib2,P3,H03,-0.003021554,Variant,3,H
951,lib2,P3,H04,0.0103445,Variant,4,H
952,lib2,P3,H05,0.319430498,Variant,5,H
953,lib2,P3,H06,0.343929419,Variant,6,H
954,lib2,P3,H07,0.182353568,Variant,7,H
955,lib2,P3,H08,0.077482424,Variant,8,H
956,lib2,P3,H09,-0.004817537,Variant,9,H
957,lib2,P3,H10,-0.026488532,Negative,10,H
958,lib2,P3,H11,0.217635876,Variant,11,H
959,lib2,P3,H12,0.284838768,Variant,12,H
960,lib1,P1,A01,0.022352324,Variant,1,A
961,lib1,P1,A02,0.006342706,Variant,2,A
962,lib1,P1,A03,-0.010375595,Variant,3,A
963,lib1,P1,A04,-0.005812589,Variant,4,A
964,lib1,P1,A05,-0.014340332,Variant,5,A
965,lib1,P1,A06,-0.009209906,Variant,6,A
966,lib1,P1,A07,0.221523971,Variant,7,A
967,lib1,P1,A08,0.006798486,Variant,8,A
968,lib1,P1,A09,-0.014638163,Variant,9,A
969,lib1,P1,A10,0.188057184,Parent,10,A
970,lib1,P1,A11,0.000216454,Variant,11,A
971,lib1,P1,A12,0.004026636,Variant,12,A
972,lib1,P1,B01,-0.002728949,Variant,1,B
973,lib1,P1,B02,0.012393071,Variant,2,B
974,lib1,P1,B03,0.013767314,Variant,3,B
975,lib1,P1,B04,0.005347567,Variant,4,B
976,lib1,P1,B05,-0.010498993,Variant,5,B
977,lib1,P1,B06,0.006505294,Variant,6,B
978,lib1,P1,B07,0.008497184,Variant,7,B
979,lib1,P1,B08,0.007119741,Variant,8,B
980,lib1,P1,B09,-0.000851436,Variant,9,B
981,lib1,P1,B10,0.185429762,Parent,10,B
982,lib1,P1,B11,-0.01034368,Variant,11,B
983,lib1,P1,B12,-0.002156384,Variant,12,B
984,lib1,P1,C01,-0.043770907,Variant,1,C
985,lib1,P1,C02,0.012747415,Variant,2,C
986,lib1,P1,C03,-0.01280118,Variant,3,C
987,lib1,P1,C04,-0.013839889,Variant,4,C
988,lib1,P1,C05,0.000837567,Variant,5,C
989,lib1,P1,C06,0.013127578,Variant,6,C
990,lib1,P1,C07,0.077063287,Variant,7,C
991,lib1,P1,C08,0.026683869,Variant,8,C
992,lib1,P1,C09,-0.011357695,Variant,9,C
993,lib1,P1,C10,0.15579684,Parent,10,C
994,lib1,P1,C11,0.103857315,Variant,11,C
995,lib1,P1,C12,0.028553361,Variant,12,C
996,lib1,P1,D01,0.00150243,Variant,1,D
997,lib1,P1,D02,-0.002682055,Variant,2,D
998,lib1,P1,D03,0.009869373,Variant,3,D
999,lib1,P1,D04,0.008111665,Variant,4,D
1000,lib1,P1,D05,0.017863602,Variant,5,D
1001,lib1,P1,D06,0.013146255,Variant,6,D
1002,lib1,P1,D07,0.014446649,Variant,7,D
1003,lib1,P1,D08,-0.004476316,Variant,8,D
1004,lib1,P1,D09,0.054941513,Variant,9,D
1005,lib1,P1,D10,0.158979407,Parent,10,D
1006,lib1,P1,D11,0.000662704,Variant,11,D
1007,lib1,P1,D12,-0.00859214,Variant,12,D
1008,lib1,P1,E01,-0.026870616,Variant,1,E
1009,lib1,P1,E02,-0.041846097,Variant,2,E
1010,lib1,P1,E03,-0.010465196,Variant,3,E
1011,lib1,P1,E04,0.010689045,Variant,4,E
1012,lib1,P1,E05,-0.000683263,Variant,5,E
1013,lib1,P1,E06,-0.003851477,Variant,6,E
1014,lib1,P1,E07,0.006731266,Variant,7,E
1015,lib1,P1,E08,0.068981985,Variant,8,E
1016,lib1,P1,E09,0.01501407,Variant,9,E
1017,lib1,P1,E10,-0.019880615,Sterile,10,E
1018,lib1,P1,E11,-0.00172564,Variant,11,E
1019,lib1,P1,E12,0.008117369,Variant,12,E
1020,lib1,P1,F01,-0.02225732,Variant,1,F
1021,lib1,P1,F02,0.071818672,Variant,2,F
1022,lib1,P1,F03,0.008307502,Variant,3,F
1023,lib1,P1,F04,-0.004010741,Variant,4,F
1024,lib1,P1,F05,-0.014177966,Variant,5,F
1025,lib1,P1,F06,0.18232152,Variant,6,F
1026,lib1,P1,F07,-0.009065953,Variant,7,F
1027,lib1,P1,F08,0.152649388,Variant,8,F
1028,lib1,P1,F09,0.010172365,Variant,9,F
1029,lib1,P1,F10,-0.01316175,Sterile,10,F
1030,lib1,P1,F11,-0.006318041,Variant,11,F
1031,lib1,P1,F12,-0.013469364,Variant,12,F
1032,lib1,P1,G01,0.036400796,Variant,1,G
1033,lib1,P1,G02,-0.010566559,Variant,2,G
1034,lib1,P1,G03,0.022507062,Variant,3,G
1035,lib1,P1,G04,0.13978589,Variant,4,G
1036,lib1,P1,G05,-0.002965072,Variant,5,G
1037,lib1,P1,G06,0.005411793,Variant,6,G
1038,lib1,P1,G07,0.00971284,Variant,7,G
1039,lib1,P1,G08,0.017059721,Variant,8,G
1040,lib1,P1,G09,-0.018226314,Variant,9,G
1041,lib1,P1,G10,0.003014147,Negative,10,G
1042,lib1,P1,G11,-0.012912667,Variant,11,G
1043,lib1,P1,G12,0.036438918,Variant,12,G
1044,lib1,P1,H01,-0.010366299,Variant,1,H
1045,lib1,P1,H02,-0.026823636,Variant,2,H
1046,lib1,P1,H03,-0.007302884,Variant,3,H
1047,lib1,P1,H04,-0.006886658,Variant,4,H
1048,lib1,P1,H05,0.022563238,Variant,5,H
1049,lib1,P1,H06,-0.015602778,Variant,6,H
1050,lib1,P1,H07,0.002640844,Variant,7,H
1051,lib1,P1,H08,0.004862453,Variant,8,H
1052,lib1,P1,H09,-0.007480969,Variant,9,H
1053,lib1,P1,H10,-0.020083081,Negative,10,H
1054,lib1,P1,H11,0.249583587,Variant,11,H
1055,lib1,P1,H12,-0.031756918,Variant,12,H
1056,lib1,P2,A01,-0.000674372,Variant,1,A
1057,lib1,P2,A02,0.017367412,Variant,2,A
1058,lib1,P2,A03,0.009355252,Variant,3,A
1059,lib1,P2,A04,0.00373427,Variant,4,A
1060,lib1,P2,A05,0.006252567,Variant,5,A
1061,lib1,P2,A06,7.80E-05,Variant,6,A
1062,lib1,P2,A07,0.052698871,Variant,7,A
1063,lib1,P2,A08,0.005234068,Variant,8,A
1064,lib1,P2,A09,0.011607753,Variant,9,A
1065,lib1,P2,A10,0.22314785,Parent,10,A
1066,lib1,P2,A11,0.009154848,Variant,11,A
1067,lib1,P2,A12,0.00840013,Variant,12,A
1068,lib1,P2,B01,0.008575046,Variant,1,B
1069,lib1,P2,B02,0.032189191,Variant,2,B
1070,lib1,P2,B03,0.032723752,Variant,3,B
1071,lib1,P2,B04,0.026206159,Variant,4,B
1072,lib1,P2,B05,0.031940348,Variant,5,B
1073,lib1,P2,B06,0.060925986,Variant,6,B
1074,lib1,P2,B07,0.011346156,Variant,7,B
1075,lib1,P2,B08,0.025980995,Variant,8,B
1076,lib1,P2,B09,0.003673729,Variant,9,B
1077,lib1,P2,B10,0.279313081,Parent,10,B
1078,lib1,P2,B11,0.011835141,Variant,11,B
1079,lib1,P2,B12,0.018888298,Variant,12,B
1080,lib1,P2,C01,0.012101315,Variant,1,C
1081,lib1,P2,C02,-0.002584183,Variant,2,C
1082,lib1,P2,C03,0.007920284,Variant,3,C
1083,lib1,P2,C04,0.051443014,Variant,4,C
1084,lib1,P2,C05,0.022291282,Variant,5,C
1085,lib1,P2,C06,0.07230493,Variant,6,C
1086,lib1,P2,C07,0.006081455,Variant,7,C
1087,lib1,P2,C08,0.176032738,Variant,8,C
1088,lib1,P2,C09,0.019546944,Variant,9,C
1089,lib1,P2,C10,0.210743226,Parent,10,C
1090,lib1,P2,C11,-0.001046124,Variant,11,C
1091,lib1,P2,C12,0.128354374,Variant,12,C
1092,lib1,P2,D01,0.007470857,Variant,1,D
1093,lib1,P2,D02,0.007008304,Variant,2,D
1094,lib1,P2,D03,0.003102022,Variant,3,D
1095,lib1,P2,D04,0.033387251,Variant,4,D
1096,lib1,P2,D05,0.000476989,Variant,5,D
1097,lib1,P2,D06,0.080110659,Variant,6,D
1098,lib1,P2,D07,0.011385475,Variant,7,D
1099,lib1,P2,D08,0.057640529,Variant,8,D
1100,lib1,P2,D09,0.145234108,Variant,9,D
1101,lib1,P2,D10,0.200407345,Parent,10,D
1102,lib1,P2,D11,0.004142231,Variant,11,D
1103,lib1,P2,D12,-0.003656683,Variant,12,D
1104,lib1,P2,E01,0.100852987,Variant,1,E
1105,lib1,P2,E02,-0.006879981,Variant,2,E
1106,lib1,P2,E03,0.349270657,Variant,3,E
1107,lib1,P2,E04,0.082555261,Variant,4,E
1108,lib1,P2,E05,-0.009584972,Variant,5,E
1109,lib1,P2,E06,0.026039823,Variant,6,E
1110,lib1,P2,E07,-0.00462627,Variant,7,E
1111,lib1,P2,E08,0.018719729,Variant,8,E
1112,lib1,P2,E09,-0.006621795,Variant,9,E
1113,lib1,P2,E10,-0.008102964,Sterile,10,E
1114,lib1,P2,E11,0.005782477,Variant,11,E
1115,lib1,P2,E12,0.020840315,Variant,12,E
1116,lib1,P2,F01,0.0100741,Variant,1,F
1117,lib1,P2,F02,0.020222821,Variant,2,F
1118,lib1,P2,F03,0.005014874,Variant,3,F
1119,lib1,P2,F04,0.018788069,Variant,4,F
1120,lib1,P2,F05,0.065724151,Variant,5,F
1121,lib1,P2,F06,0.01287421,Variant,6,F
1122,lib1,P2,F07,0.002508386,Variant,7,F
1123,lib1,P2,F08,-0.004163071,Variant,8,F
1124,lib1,P2,F09,-0.002710208,Variant,9,F
1125,lib1,P2,F10,0.00890342,Sterile,10,F
1126,lib1,P2,F11,0.078664004,Variant,11,F
1127,lib1,P2,F12,-0.002530863,Variant,12,F
1128,lib1,P2,G01,-0.001106171,Variant,1,G
1129,lib1,P2,G02,0.001588187,Variant,2,G
1130,lib1,P2,G03,-0.00873774,Variant,3,G
1131,lib1,P2,G04,-0.00714315,Variant,4,G
1132,lib1,P2,G05,0.018768265,Variant,5,G
1133,lib1,P2,G06,0.004142648,Variant,6,G
1134,lib1,P2,G07,0.003056552,Variant,7,G
1135,lib1,P2,G08,-0.002938338,Variant,8,G
1136,lib1,P2,G09,0.305435884,Variant,9,G
1137,lib1,P2,G10,-0.007151158,Negative,10,G
1138,lib1,P2,G11,0.004433167,Variant,11,G
1139,lib1,P2,G12,0.055988688,Variant,12,G
1140,lib1,P2,H01,0.140451707,Variant,1,H
1141,lib1,P2,H02,-0.008660864,Variant,2,H
1142,lib1,P2,H03,-0.00025203,Variant,3,H
1143,lib1,P2,H04,0.361353432,Variant,4,H
1144,lib1,P2,H05,-0.00392429,Variant,5,H
1145,lib1,P2,H06,0.016407566,Variant,6,H
1146,lib1,P2,H07,0.009082964,Variant,7,H
1147,lib1,P2,H08,-0.010557536,Variant,8,H
1148,lib1,P2,H09,0.000542088,Variant,9,H
1149,lib1,P2,H10,-0.008137784,Negative,10,H
1150,lib1,P2,H11,0.117868838,Variant,11,H
1151,lib1,P2,H12,0.015323089,Variant,12,H
1152,lib1,P4,A01,-0.019924771,Variant,1,A
1153,lib1,P4,A02,0.1564304,Variant,2,A
1154,lib1,P4,A03,0.204272857,Variant,3,A
1155,lib1,P4,A04,0.24087895,Variant,4,A
1156,lib1,P4,A05,0.000915356,Variant,5,A
1157,lib1,P4,A06,-0.007291408,Variant,6,A
1158,lib1,P4,A07,0.01317318,Variant,7,A
1159,lib1,P4,A08,0.315277372,Variant,8,A
1160,lib1,P4,A09,0.155831909,Variant,9,A
1161,lib1,P4,A10,0.214700523,Parent,10,A
1162,lib1,P4,A11,0.008989001,Variant,11,A
1163,lib1,P4,A12,0.007829684,Variant,12,A
1164,lib1,P4,B01,0.019698,Variant,1,B
1165,lib1,P4,B02,0.125280084,Variant,2,B
1166,lib1,P4,B03,0.013190097,Variant,3,B
1167,lib1,P4,B04,0.007264194,Variant,4,B
1168,lib1,P4,B05,0.022110832,Variant,5,B
1169,lib1,P4,B06,0.013067658,Variant,6,B
1170,lib1,P4,B07,0.003447863,Variant,7,B
1171,lib1,P4,B08,0.009773406,Variant,8,B
1172,lib1,P4,B09,-0.003550077,Variant,9,B
1173,lib1,P4,B10,0.19382933,Parent,10,B
1174,lib1,P4,B11,0.003875935,Variant,11,B
1175,lib1,P4,B12,0.006453621,Variant,12,B
1176,lib1,P4,C01,0.001259726,Variant,1,C
1177,lib1,P4,C02,0.134323981,Variant,2,C
1178,lib1,P4,C03,-0.003749496,Variant,3,C
1179,lib1,P4,C04,-0.001112985,Variant,4,C
1180,lib1,P4,C05,0.00939697,Variant,5,C
1181,lib1,P4,C06,0.00188577,Variant,6,C
1182,lib1,P4,C07,0.010128852,Variant,7,C
1183,lib1,P4,C08,0.009797616,Variant,8,C
1184,lib1,P4,C09,0.00898951,Variant,9,C
1185,lib1,P4,C10,0.156102579,Parent,10,C
1186,lib1,P4,C11,0.130123829,Variant,11,C
1187,lib1,P4,C12,-0.000873549,Variant,12,C
1188,lib1,P4,D01,-0.016254355,Variant,1,D
1189,lib1,P4,D02,0.014559281,Variant,2,D
1190,lib1,P4,D03,-0.003287327,Variant,3,D
1191,lib1,P4,D04,0.001294347,Variant,4,D
1192,lib1,P4,D05,0.014704673,Variant,5,D
1193,lib1,P4,D06,0.003062642,Variant,6,D
1194,lib1,P4,D07,0.018832086,Variant,7,D
1195,lib1,P4,D08,-0.005288667,Variant,8,D
1196,lib1,P4,D09,0.002001841,Variant,9,D
1197,lib1,P4,D10,0.210374408,Parent,10,D
1198,lib1,P4,D11,0.01582082,Variant,11,D
1199,lib1,P4,D12,0.000640904,Variant,12,D
1200,lib1,P4,E01,0.013551825,Variant,1,E
1201,lib1,P4,E02,0.027388374,Variant,2,E
1202,lib1,P4,E03,0.020433331,Variant,3,E
1203,lib1,P4,E04,0.011062993,Variant,4,E
1204,lib1,P4,E05,0.047519403,Variant,5,E
1205,lib1,P4,E06,0.260353438,Variant,6,E
1206,lib1,P4,E07,-0.001013153,Variant,7,E
1207,lib1,P4,E08,-0.000339934,Variant,8,E
1208,lib1,P4,E09,0.05894713,Variant,9,E
1209,lib1,P4,E10,0.000548382,Sterile,10,E
1210,lib1,P4,E11,-0.00200461,Variant,11,E
1211,lib1,P4,E12,0.036784485,Variant,12,E
1212,lib1,P4,F01,0.000816238,Variant,1,F
1213,lib1,P4,F02,0.004501902,Variant,2,F
1214,lib1,P4,F03,0.008832113,Variant,3,F
1215,lib1,P4,F04,0.011132768,Variant,4,F
1216,lib1,P4,F05,0.033490101,Variant,5,F
1217,lib1,P4,F06,0.00595807,Variant,6,F
1218,lib1,P4,F07,-0.000664528,Variant,7,F
1219,lib1,P4,F08,0.011993726,Variant,8,F
1220,lib1,P4,F09,-0.005462928,Variant,9,F
1221,lib1,P4,F10,0.004906455,Sterile,10,F
1222,lib1,P4,F11,0.171402508,Variant,11,F
1223,lib1,P4,F12,0.009363612,Variant,12,F
1224,lib1,P4,G01,-0.020369005,Variant,1,G
1225,lib1,P4,G02,0.000722321,Variant,2,G
1226,lib1,P4,G03,0.006471894,Variant,3,G
1227,lib1,P4,G04,0.121851658,Variant,4,G
1228,lib1,P4,G05,4.74E-06,Variant,5,G
1229,lib1,P4,G06,-0.011209746,Variant,6,G
1230,lib1,P4,G07,-0.000635766,Variant,7,G
1231,lib1,P4,G08,-0.002293716,Variant,8,G
1232,lib1,P4,G09,0.018934735,Variant,9,G
1233,lib1,P4,G10,-0.009556916,Negative,10,G
1234,lib1,P4,G11,0.029821653,Variant,11,G
1235,lib1,P4,G12,0.012219856,Variant,12,G
1236,lib1,P4,H01,0.120910799,Variant,1,H
1237,lib1,P4,H02,0.015523017,Variant,2,H
1238,lib1,P4,H03,-0.010208325,Variant,3,H
1239,lib1,P4,H04,-0.007246916,Variant,4,H
1240,lib1,P4,H05,-0.008476212,Variant,5,H
1241,lib1,P4,H06,0.01091045,Variant,6,H
1242,lib1,P4,H07,0.064552715,Variant,7,H
1243,lib1,P4,H08,0.088614118,Variant,8,H
1244,lib1,P4,H09,0.0361321,Variant,9,H
1245,lib1,P4,H10,0.004155554,Negative,10,H
1246,lib1,P4,H11,0.001491186,Variant,11,H
1247,lib1,P4,H12,0.016188077,Variant,12,H
1248,lib1,P5,A01,-0.013308564,Variant,1,A
1249,lib1,P5,A02,0.008696491,Variant,2,A
1250,lib1,P5,A03,-0.004607576,Variant,3,A
1251,lib1,P5,A04,0.029046473,Variant,4,A
1252,lib1,P5,A05,0.023981943,Variant,5,A
1253,lib1,P5,A06,-0.006918148,Variant,6,A
1254,lib1,P5,A07,0.000535852,Variant,7,A
1255,lib1,P5,A08,0.022252091,Variant,8,A
1256,lib1,P5,A09,0.001980928,Variant,9,A
1257,lib1,P5,A10,0.234759592,Parent,10,A
1258,lib1,P5,A11,0.003472804,Variant,11,A
1259,lib1,P5,A12,-0.008366499,Variant,12,A
1260,lib1,P5,B01,0.155712006,Variant,1,B
1261,lib1,P5,B02,0.087153266,Variant,2,B
1262,lib1,P5,B03,0.008467422,Variant,3,B
1263,lib1,P5,B04,-0.003717401,Variant,4,B
1264,lib1,P5,B05,0.053482349,Variant,5,B
1265,lib1,P5,B06,0.02617125,Variant,6,B
1266,lib1,P5,B07,0.191600288,Variant,7,B
1267,lib1,P5,B08,-0.00945426,Variant,8,B
1268,lib1,P5,B09,0.190735506,Variant,9,B
1269,lib1,P5,B10,0.204463627,Parent,10,B
1270,lib1,P5,B11,0.009763832,Variant,11,B
1271,lib1,P5,B12,-0.005971614,Variant,12,B
1272,lib1,P5,C01,-0.014068419,Variant,1,C
1273,lib1,P5,C02,0.008764254,Variant,2,C
1274,lib1,P5,C03,0.074764658,Variant,3,C
1275,lib1,P5,C04,0.008274184,Variant,4,C
1276,lib1,P5,C05,0.025538321,Variant,5,C
1277,lib1,P5,C06,0.025143401,Variant,6,C
1278,lib1,P5,C07,0.223445182,Variant,7,C
1279,lib1,P5,C08,0.00438842,Variant,8,C
1280,lib1,P5,C09,0.00720331,Variant,9,C
1281,lib1,P5,C10,0.221082625,Parent,10,C
1282,lib1,P5,C11,4.36E-05,Variant,11,C
1283,lib1,P5,C12,0.001674527,Variant,12,C
1284,lib1,P5,D01,0.002453872,Variant,1,D
1285,lib1,P5,D02,0.001159856,Variant,2,D
1286,lib1,P5,D03,-0.000168023,Variant,3,D
1287,lib1,P5,D04,-0.001661115,Variant,4,D
1288,lib1,P5,D05,0.009221559,Variant,5,D
1289,lib1,P5,D06,0.057198682,Variant,6,D
1290,lib1,P5,D07,0.007666884,Variant,7,D
1291,lib1,P5,D08,0.018146248,Variant,8,D
1292,lib1,P5,D09,0.176031775,Variant,9,D
1293,lib1,P5,D10,0.219255609,Parent,10,D
1294,lib1,P5,D11,0.008153146,Variant,11,D
1295,lib1,P5,D12,0.015136552,Variant,12,D
1296,lib1,P5,E01,0.234401652,Variant,1,E
1297,lib1,P5,E02,0.085653228,Variant,2,E
1298,lib1,P5,E03,-0.005956277,Variant,3,E
1299,lib1,P5,E04,0.177697515,Variant,4,E
1300,lib1,P5,E05,0.050680762,Variant,5,E
1301,lib1,P5,E06,0.002773563,Variant,6,E
1302,lib1,P5,E07,-0.000928494,Variant,7,E
1303,lib1,P5,E08,0.000934622,Variant,8,E
1304,lib1,P5,E09,-0.007624369,Variant,9,E
1305,lib1,P5,E10,-0.005977595,Sterile,10,E
1306,lib1,P5,E11,-0.011734397,Variant,11,E
1307,lib1,P5,E12,0.005272588,Variant,12,E
1308,lib1,P5,F01,-0.002480675,Variant,1,F
1309,lib1,P5,F02,0.037714795,Variant,2,F
1310,lib1,P5,F03,0.008718823,Variant,3,F
1311,lib1,P5,F04,0.021323586,Variant,4,F
1312,lib1,P5,F05,0.002299642,Variant,5,F
1313,lib1,P5,F06,0.004048847,Variant,6,F
1314,lib1,P5,F07,0.08574242,Variant,7,F
1315,lib1,P5,F08,-0.004579493,Variant,8,F
1316,lib1,P5,F09,-0.008155128,Variant,9,F
1317,lib1,P5,F10,-0.010230668,Sterile,10,F
1318,lib1,P5,F11,0.064350833,Variant,11,F
1319,lib1,P5,F12,-0.013568174,Variant,12,F
1320,lib1,P5,G01,-0.005796091,Variant,1,G
1321,lib1,P5,G02,0.240725752,Variant,2,G
1322,lib1,P5,G03,-0.007897528,Variant,3,G
1323,lib1,P5,G04,0.023546436,Variant,4,G
1324,lib1,P5,G05,-0.006243585,Variant,5,G
1325,lib1,P5,G06,0.000948161,Variant,6,G
1326,lib1,P5,G07,0.010239836,Variant,7,G
1327,lib1,P5,G08,0.001536006,Variant,8,G
1328,lib1,P5,G09,0.103999554,Variant,9,G
1329,lib1,P5,G10,-0.000656537,Negative,10,G
1330,lib1,P5,G11,0.021519819,Variant,11,G
1331,lib1,P5,G12,0.03400786,Variant,12,G
1332,lib1,P5,H01,0.075615847,Variant,1,H
1333,lib1,P5,H02,0.019835488,Variant,2,H
1334,lib1,P5,H03,0.004636338,Variant,3,H
1335,lib1,P5,H04,0.031905163,Variant,4,H
1336,lib1,P5,H05,0.007052888,Variant,5,H
1337,lib1,P5,H06,0.004249542,Variant,6,H
1338,lib1,P5,H07,-0.017860096,Variant,7,H
1339,lib1,P5,H08,0.004347106,Variant,8,H
1340,lib1,P5,H09,-0.031021902,Variant,9,H
1341,lib1,P5,H10,-0.036563948,Negative,10,H
1342,lib1,P5,H11,0.140962997,Variant,11,H
1343,lib1,P5,H12,-0.015102912,Variant,12,H
1344,lib1,P3,A01,0.116148422,Variant,1,A
1345,lib1,P3,A02,0.262914009,Variant,2,A
1346,lib1,P3,A03,0.003744473,Variant,3,A
1347,lib1,P3,A04,-0.000689329,Variant,4,A
1348,lib1,P3,A05,0.032762372,Variant,5,A
1349,lib1,P3,A06,0.216289125,Variant,6,A
1350,lib1,P3,A07,0.026731606,Variant,7,A
1351,lib1,P3,A08,-0.006033913,Variant,8,A
1352,lib1,P3,A09,0.035329701,Variant,9,A
1353,lib1,P3,A10,0.249632316,Parent,10,A
1354,lib1,P3,A11,0.001052304,Variant,11,A
1355,lib1,P3,A12,0.010464184,Variant,12,A
1356,lib1,P3,B01,0.262064296,Variant,1,B
1357,lib1,P3,B02,0.280630568,Variant,2,B
1358,lib1,P3,B03,0.260679224,Variant,3,B
1359,lib1,P3,B04,0.019710104,Variant,4,B
1360,lib1,P3,B05,0.015863863,Variant,5,B
1361,lib1,P3,B06,0.032838774,Variant,6,B
1362,lib1,P3,B07,0.037847711,Variant,7,B
1363,lib1,P3,B08,-0.010103291,Variant,8,B
1364,lib1,P3,B09,0.204225544,Variant,9,B
1365,lib1,P3,B10,0.196504982,Parent,10,B
1366,lib1,P3,B11,0.000770594,Variant,11,B
1367,lib1,P3,B12,-0.008265315,Variant,12,B
1368,lib1,P3,C01,0.193939522,Variant,1,C
1369,lib1,P3,C02,-0.019616202,Variant,2,C
1370,lib1,P3,C03,0.0027777,Variant,3,C
1371,lib1,P3,C04,0.068252339,Variant,4,C
1372,lib1,P3,C05,-0.004785313,Variant,5,C
1373,lib1,P3,C06,0.023485724,Variant,6,C
1374,lib1,P3,C07,0.051369411,Variant,7,C
1375,lib1,P3,C08,0.024737558,Variant,8,C
1376,lib1,P3,C09,0.005007805,Variant,9,C
1377,lib1,P3,C10,0.226231397,Parent,10,C
1378,lib1,P3,C11,-0.002218921,Variant,11,C
1379,lib1,P3,C12,-0.001071167,Variant,12,C
1380,lib1,P3,D01,0.078156174,Variant,1,D
1381,lib1,P3,D02,0.219587638,Variant,2,D
1382,lib1,P3,D03,-0.003246482,Variant,3,D
1383,lib1,P3,D04,0.032032031,Variant,4,D
1384,lib1,P3,D05,0.018921599,Variant,5,D
1385,lib1,P3,D06,0.00864522,Variant,6,D
1386,lib1,P3,D07,-0.010272082,Variant,7,D
1387,lib1,P3,D08,0.220879684,Variant,8,D
1388,lib1,P3,D09,0.013691773,Variant,9,D
1389,lib1,P3,D10,0.218034177,Parent,10,D
1390,lib1,P3,D11,0.044094468,Variant,11,D
1391,lib1,P3,D12,0.033949707,Variant,12,D
1392,lib1,P3,E01,-0.002173351,Variant,1,E
1393,lib1,P3,E02,0.193741863,Variant,2,E
1394,lib1,P3,E03,-0.011924839,Variant,3,E
1395,lib1,P3,E04,0.005707982,Variant,4,E
1396,lib1,P3,E05,0.021472923,Variant,5,E
1397,lib1,P3,E06,0.05748029,Variant,6,E
1398,lib1,P3,E07,-0.002250204,Variant,7,E
1399,lib1,P3,E08,0.032945858,Variant,8,E
1400,lib1,P3,E09,0.087649557,Variant,9,E
1401,lib1,P3,E10,-0.013145668,Sterile,10,E
1402,lib1,P3,E11,-0.001087286,Variant,11,E
1403,lib1,P3,E12,0.0140501,Variant,12,E
1404,lib1,P3,F01,-0.023451208,Variant,1,F
1405,lib1,P3,F02,-0.012456061,Variant,2,F
1406,lib1,P3,F03,0.004764306,Variant,3,F
1407,lib1,P3,F04,-0.003862272,Variant,4,F
1408,lib1,P3,F05,0.066882944,Variant,5,F
1409,lib1,P3,F06,-0.008112651,Variant,6,F
1410,lib1,P3,F07,0.112935598,Variant,7,F
1411,lib1,P3,F08,0.010497957,Variant,8,F
1412,lib1,P3,F09,0.009840408,Variant,9,F
1413,lib1,P3,F10,-0.009850457,Sterile,10,F
1414,lib1,P3,F11,0.002953028,Variant,11,F
1415,lib1,P3,F12,-0.007776799,Variant,12,F
1416,lib1,P3,G01,-0.024589762,Variant,1,G
1417,lib1,P3,G02,-0.018234284,Variant,2,G
1418,lib1,P3,G03,0.252952387,Variant,3,G
1419,lib1,P3,G04,0.000924206,Variant,4,G
1420,lib1,P3,G05,0.044809255,Variant,5,G
1421,lib1,P3,G06,0.003624099,Variant,6,G
1422,lib1,P3,G07,-0.013338893,Variant,7,G
1423,lib1,P3,G08,-0.01442772,Variant,8,G
1424,lib1,P3,G09,0.004864662,Variant,9,G
1425,lib1,P3,G10,0.000244711,Negative,10,G
1426,lib1,P3,G11,0.007150139,Variant,11,G
1427,lib1,P3,G12,-0.006204473,Variant,12,G
1428,lib1,P3,H01,-0.009428522,Variant,1,H
1429,lib1,P3,H02,-0.017130579,Variant,2,H
1430,lib1,P3,H03,0.002589215,Variant,3,H
1431,lib1,P3,H04,0.001496767,Variant,4,H
1432,lib1,P3,H05,0.050010466,Variant,5,H
1433,lib1,P3,H06,0.004876996,Variant,6,H
1434,lib1,P3,H07,0.201822731,Variant,7,H
1435,lib1,P3,H08,-0.000238376,Variant,8,H
1436,lib1,P3,H09,-0.009782524,Variant,9,H
1437,lib1,P3,H10,-0.013921616,Negative,10,H
1438,lib1,P3,H11,0.356301337,Variant,11,H
1439,lib1,P3,H12,-0.018366611,Variant,12,H